"Mathematica","Thermosimfit"
0.00064227107820913,0.000409395842282122
0.000265747223969146,0.000112630996994842
