"Mathematica","Thermosimfit"
2.03103948239299e-05,1.29462332621457e-05
8.40366509609393e-06,3.5617048563928e-06
