"Mathematica","Thermosimfit"
0.00186608153894671,0.000368387125536675
6.88282784358219e-05,5.08971531712255e-05
