"Var1","Var2","error"
"Mathematica_322088","measured",0.00183148312557718
"Mathematica_295846","measured",0.00182141668946444
"Mathematica_501115","measured",0.00194534480179852
"Thermosimfit_322088","measured",0.000328764845598897
"Thermosimfit_295846","measured",0.000425789173985334
"Thermosimfit_501115","measured",0.000350607357025795
