"Mathematica","Thermosimfit"
0.00169035016585436,0.00169053006289227
0.000499953155757273,0.000499930987893377
