"Mathematica","Thermosimfit"
5.34535656734314e-05,5.34592545172727e-05
1.58099069558191e-05,1.58092059464113e-05
