"Mathematica","Thermosimfit"
5.90106796266382e-05,1.16494237737827e-05
2.17654127285448e-06,1.60950930439535e-06
